Algorithm,Mean Evaluations,Std Evaluations
Policy Iteration,2.2857142857142856,0.45175395145262565
Value Iteration,129.0,162.7083279982927
Generalized Policy Iteration,125.71428571428571,159.31614059178443
