Algorithm,Mean,Standard Deviation
Policy Iteration,2877.1428571428573,1084.5962288298058
Value Iteration,130.0,162.7083279982927
Generalized Policy Iteration,122.85714285714286,159.92983155249104
