Algorithm,Mean Evaluations,Std Evaluations
Policy Iteration,1585.142857142857,577.6542288975866
Value Iteration,130.0,162.7083279982927
Generalized Policy Iteration,125.0,160.0892608158693
