Algorithm,Mean Evaluations,Std Evaluations
Policy Iteration,2181.4285714285716,1211.4268867912815
Value Iteration,130.0,162.7083279982927
Generalized Policy Iteration,130.71428571428572,154.95226388030818
