Algorithm,Mean Evaluations,Std Evaluations
Policy Iteration,3225.0,849.0902694733262
Value Iteration,130.0,162.7083279982927
Generalized Policy Iteration,127.85714285714286,157.70354518293271
