Algorithm,Mean Evaluations,Std Evaluations
Policy Iteration,3460.4285714285716,36.17361762728326
Value Iteration,129.0,162.7083279982927
Generalized Policy Iteration,126.42857142857143,153.2904406141279
