Algorithm,Mean Evaluations,Std Evaluations
Policy Iteration,3460.1428571428573,36.46300893245322
Value Iteration,129.0,162.7083279982927
Generalized Policy Iteration,128.57142857142858,160.17210131860145
