Algorithm,Mean,Standard Deviation
Policy Iteration,3686.5714285714284,35.6765514943725
Value Iteration,130.0,162.7083279982927
Generalized Policy Iteration,140.71428571428572,162.84147794335297
