Algorithm,Mean,Standard Deviation
Policy Iteration,3460.0,36.01983580513064
Value Iteration,129.0,162.7083279982927
Generalized Policy Iteration,129.28571428571428,156.46607508677792
